S,I,D,R,steps
0.0,21.0,79.0,0.0,3230.0
0.0,19.0,81.0,0.0,3276.0
0.0,25.0,75.0,0.0,3671.0
0.0,20.0,80.0,0.0,3115.0
0.0,22.0,78.0,0.0,3329.0
0.0,20.0,80.0,0.0,3658.0
0.0,19.0,81.0,0.0,3296.0
0.0,27.0,73.0,0.0,3221.0
0.0,25.0,75.0,0.0,3274.0
0.0,17.0,83.0,0.0,4144.0
0.0,29.0,71.0,0.0,4064.0
0.0,24.0,76.0,0.0,2692.0
0.0,21.0,79.0,0.0,3646.0
0.0,16.0,84.0,0.0,3119.0
0.0,24.0,76.0,0.0,3525.0
0.0,22.0,78.0,0.0,3184.0
0.0,21.0,79.0,0.0,3059.0
0.0,27.0,73.0,0.0,3598.0
0.0,23.0,77.0,0.0,3557.0
0.0,23.0,77.0,0.0,3064.0
0.0,21.0,79.0,0.0,3001.0
0.0,18.0,82.0,0.0,2710.0
0.0,24.0,76.0,0.0,4273.0
0.0,20.0,80.0,0.0,3168.0
0.0,24.0,76.0,0.0,3504.0
0.0,24.0,76.0,0.0,3478.0
0.0,27.0,73.0,0.0,3364.0
0.0,22.0,78.0,0.0,3582.0
0.0,24.0,76.0,0.0,3293.0
0.0,24.0,76.0,0.0,3874.0
0.0,25.0,75.0,0.0,2758.0
0.0,28.0,72.0,0.0,3080.0
0.0,17.0,83.0,0.0,3693.0
0.0,17.0,83.0,0.0,3673.0
0.0,22.0,78.0,0.0,3543.0
0.0,24.0,76.0,0.0,3596.0
0.0,22.0,78.0,0.0,3168.0
0.0,22.0,78.0,0.0,2791.0
0.0,20.0,80.0,0.0,3975.0
0.0,26.0,74.0,0.0,2831.0
0.0,25.0,75.0,0.0,3504.0
0.0,24.0,76.0,0.0,3252.0
0.0,22.0,78.0,0.0,3152.0
0.0,21.0,79.0,0.0,2699.0
0.0,22.0,78.0,0.0,2614.0
0.0,26.0,74.0,0.0,3036.0
0.0,29.0,71.0,0.0,4176.0
0.0,21.0,79.0,0.0,3078.0
0.0,22.0,78.0,0.0,3670.0
0.0,20.0,80.0,0.0,3718.0
0.0,29.0,71.0,0.0,3516.0
0.0,28.0,72.0,0.0,3729.0
0.0,19.0,81.0,0.0,3307.0
0.0,22.0,78.0,0.0,3378.0
0.0,20.0,80.0,0.0,2957.0
0.0,25.0,75.0,0.0,2876.0
0.0,27.0,73.0,0.0,2993.0
0.0,30.0,70.0,0.0,3766.0
0.0,24.0,76.0,0.0,3741.0
0.0,34.0,66.0,0.0,3244.0
0.0,27.0,73.0,0.0,3008.0
0.0,26.0,74.0,0.0,3017.0
0.0,28.0,72.0,0.0,2955.0
0.0,17.0,83.0,0.0,3477.0
0.0,26.0,74.0,0.0,2981.0
0.0,25.0,75.0,0.0,3040.0
0.0,19.0,81.0,0.0,3579.0
0.0,22.0,78.0,0.0,3485.0
0.0,17.0,83.0,0.0,3044.0
0.0,22.0,78.0,0.0,2993.0
0.0,28.0,72.0,0.0,2889.0
0.0,24.0,76.0,0.0,3697.0
0.0,20.0,80.0,0.0,3246.0
0.0,18.0,82.0,0.0,3536.0
0.0,24.0,76.0,0.0,2956.0
0.0,22.0,78.0,0.0,3286.0
0.0,28.0,72.0,0.0,3518.0
0.0,22.0,78.0,0.0,3487.0
0.0,21.0,79.0,0.0,3358.0
0.0,27.0,73.0,0.0,3074.0
0.0,26.0,74.0,0.0,3172.0
0.0,24.0,76.0,0.0,3754.0
0.0,20.0,80.0,0.0,3416.0
0.0,19.0,81.0,0.0,2950.0
0.0,23.0,77.0,0.0,4154.0
0.0,23.0,77.0,0.0,3869.0
0.0,26.0,74.0,0.0,2859.0
0.0,20.0,80.0,0.0,2861.0
0.0,26.0,74.0,0.0,3194.0
0.0,18.0,82.0,0.0,3288.0
0.0,21.0,79.0,0.0,3860.0
0.0,21.0,79.0,0.0,3406.0
0.0,22.0,78.0,0.0,3607.0
0.0,20.0,80.0,0.0,3733.0
0.0,21.0,79.0,0.0,3917.0
0.0,24.0,76.0,0.0,3126.0
0.0,20.0,80.0,0.0,3958.0
0.0,26.0,74.0,0.0,3744.0
0.0,24.0,76.0,0.0,2925.0
0.0,27.0,73.0,0.0,3271.0
0.0,18.0,82.0,0.0,2945.0
0.0,24.0,76.0,0.0,2772.0
0.0,22.0,78.0,0.0,3160.0
0.0,25.0,75.0,0.0,3375.0
0.0,22.0,78.0,0.0,2401.0
0.0,23.0,77.0,0.0,4123.0
0.0,26.0,74.0,0.0,3351.0
0.0,20.0,80.0,0.0,2981.0
0.0,20.0,80.0,0.0,3322.0
0.0,28.0,72.0,0.0,3055.0
0.0,21.0,79.0,0.0,3062.0
0.0,19.0,81.0,0.0,2872.0
0.0,24.0,76.0,0.0,3514.0
0.0,23.0,77.0,0.0,2953.0
0.0,21.0,79.0,0.0,2739.0
0.0,20.0,80.0,0.0,3653.0
0.0,25.0,75.0,0.0,3780.0
0.0,18.0,82.0,0.0,3063.0
0.0,14.0,86.0,0.0,3264.0
0.0,21.0,79.0,0.0,3295.0
0.0,23.0,77.0,0.0,3049.0
0.0,20.0,80.0,0.0,3274.0
0.0,21.0,79.0,0.0,3094.0
0.0,24.0,76.0,0.0,3234.0
0.0,23.0,77.0,0.0,3591.0
0.0,32.0,68.0,0.0,3222.0
0.0,25.0,75.0,0.0,2894.0
0.0,18.0,82.0,0.0,3806.0
0.0,23.0,77.0,0.0,2824.0
0.0,23.0,77.0,0.0,2869.0
0.0,16.0,84.0,0.0,2930.0
0.0,22.0,78.0,0.0,3218.0
0.0,22.0,78.0,0.0,3320.0
0.0,17.0,83.0,0.0,3386.0
0.0,20.0,80.0,0.0,2948.0
0.0,21.0,79.0,0.0,3900.0
0.0,23.0,77.0,0.0,3307.0
0.0,20.0,80.0,0.0,3852.0
0.0,22.0,78.0,0.0,3837.0
0.0,20.0,80.0,0.0,3376.0
0.0,23.0,77.0,0.0,3288.0
0.0,20.0,80.0,0.0,2923.0
0.0,23.0,77.0,0.0,3842.0
0.0,26.0,74.0,0.0,3089.0
0.0,21.0,79.0,0.0,3587.0
0.0,20.0,80.0,0.0,3998.0
0.0,20.0,80.0,0.0,3693.0
0.0,27.0,73.0,0.0,3511.0
0.0,24.0,76.0,0.0,2890.0
0.0,23.0,77.0,0.0,3333.0
0.0,25.0,75.0,0.0,3741.0
0.0,22.0,78.0,0.0,4515.0
0.0,19.0,81.0,0.0,3739.0
0.0,21.0,79.0,0.0,3163.0
0.0,24.0,76.0,0.0,3660.0
0.0,22.0,78.0,0.0,3383.0
0.0,26.0,74.0,0.0,2925.0
0.0,21.0,79.0,0.0,3190.0
0.0,20.0,80.0,0.0,3205.0
0.0,25.0,75.0,0.0,3461.0
0.0,18.0,82.0,0.0,3071.0
0.0,24.0,76.0,0.0,3423.0
0.0,25.0,75.0,0.0,3403.0
0.0,25.0,75.0,0.0,4076.0
0.0,19.0,81.0,0.0,3169.0
0.0,21.0,79.0,0.0,2985.0
0.0,25.0,75.0,0.0,3610.0
0.0,17.0,83.0,0.0,3985.0
0.0,22.0,78.0,0.0,3548.0
0.0,23.0,77.0,0.0,3958.0
0.0,16.0,84.0,0.0,4019.0
0.0,12.0,88.0,0.0,3232.0
0.0,22.0,78.0,0.0,2979.0
0.0,26.0,74.0,0.0,3388.0
0.0,30.0,70.0,0.0,3263.0
0.0,20.0,80.0,0.0,3231.0
0.0,20.0,80.0,0.0,3187.0
0.0,21.0,79.0,0.0,3252.0
0.0,19.0,81.0,0.0,3773.0
0.0,21.0,79.0,0.0,3435.0
0.0,24.0,76.0,0.0,3910.0
0.0,25.0,75.0,0.0,3451.0
0.0,27.0,73.0,0.0,3937.0
0.0,20.0,80.0,0.0,3163.0
0.0,24.0,76.0,0.0,3076.0
0.0,22.0,78.0,0.0,2680.0
0.0,21.0,79.0,0.0,3666.0
0.0,21.0,79.0,0.0,3846.0
0.0,27.0,73.0,0.0,3567.0
0.0,23.0,77.0,0.0,3210.0
0.0,22.0,78.0,0.0,3216.0
0.0,14.0,86.0,0.0,4243.0
0.0,20.0,80.0,0.0,3671.0
0.0,30.0,70.0,0.0,2762.0
0.0,21.0,79.0,0.0,4147.0
0.0,18.0,82.0,0.0,3124.0
0.0,21.0,79.0,0.0,3906.0
0.0,22.0,78.0,0.0,3661.0
0.0,25.0,75.0,0.0,3085.0
0.0,30.0,70.0,0.0,3553.0
0.0,27.0,73.0,0.0,3733.0
0.0,17.0,83.0,0.0,2733.0
0.0,21.0,79.0,0.0,2600.0
0.0,26.0,74.0,0.0,4197.0
0.0,19.0,81.0,0.0,3518.0
0.0,27.0,73.0,0.0,2744.0
0.0,22.0,78.0,0.0,3421.0
0.0,20.0,80.0,0.0,4294.0
0.0,22.0,78.0,0.0,3782.0
0.0,24.0,76.0,0.0,2849.0
0.0,20.0,80.0,0.0,3302.0
0.0,26.0,74.0,0.0,4207.0
0.0,18.0,82.0,0.0,3411.0
0.0,22.0,78.0,0.0,2978.0
0.0,22.0,78.0,0.0,3037.0
0.0,30.0,70.0,0.0,3633.0
0.0,22.0,78.0,0.0,4060.0
0.0,19.0,81.0,0.0,3196.0
0.0,19.0,81.0,0.0,3113.0
0.0,19.0,81.0,0.0,3409.0
0.0,28.0,72.0,0.0,2859.0
0.0,22.0,78.0,0.0,2955.0
0.0,18.0,82.0,0.0,3413.0
0.0,20.0,80.0,0.0,3679.0
0.0,31.0,69.0,0.0,3477.0
0.0,18.0,82.0,0.0,2659.0
0.0,26.0,74.0,0.0,3301.0
0.0,24.0,76.0,0.0,3598.0
0.0,13.0,87.0,0.0,3365.0
0.0,22.0,78.0,0.0,3505.0
0.0,21.0,79.0,0.0,2402.0
0.0,24.0,76.0,0.0,3353.0
0.0,20.0,80.0,0.0,2552.0
0.0,20.0,80.0,0.0,3722.0
0.0,15.0,85.0,0.0,3098.0
0.0,20.0,80.0,0.0,3455.0
0.0,23.0,77.0,0.0,3053.0
0.0,20.0,80.0,0.0,3720.0
0.0,30.0,70.0,0.0,3132.0
0.0,24.0,76.0,0.0,3741.0
0.0,20.0,80.0,0.0,2791.0
0.0,20.0,80.0,0.0,3422.0
0.0,28.0,72.0,0.0,3552.0
0.0,24.0,76.0,0.0,2518.0
0.0,14.0,86.0,0.0,3074.0
0.0,25.0,75.0,0.0,3546.0
0.0,26.0,74.0,0.0,2606.0
0.0,24.0,76.0,0.0,3525.0
0.0,27.0,73.0,0.0,3234.0
0.0,23.0,77.0,0.0,3298.0
0.0,19.0,81.0,0.0,3298.0
0.0,23.0,77.0,0.0,3263.0
0.0,22.0,78.0,0.0,3069.0
0.0,20.0,80.0,0.0,3733.0
0.0,23.0,77.0,0.0,3254.0
0.0,19.0,81.0,0.0,2761.0
0.0,25.0,75.0,0.0,3694.0
0.0,18.0,82.0,0.0,3875.0
0.0,22.0,78.0,0.0,3487.0
0.0,24.0,76.0,0.0,3439.0
0.0,24.0,76.0,0.0,3257.0
0.0,19.0,81.0,0.0,3232.0
0.0,16.0,84.0,0.0,3286.0
0.0,22.0,78.0,0.0,2661.0
0.0,20.0,80.0,0.0,4178.0
0.0,24.0,76.0,0.0,3002.0
0.0,26.0,74.0,0.0,3484.0
0.0,22.0,78.0,0.0,3030.0
0.0,26.0,74.0,0.0,3080.0
0.0,24.0,76.0,0.0,3932.0
0.0,28.0,72.0,0.0,3584.0
0.0,25.0,75.0,0.0,3707.0
0.0,22.0,78.0,0.0,3172.0
0.0,21.0,79.0,0.0,2978.0
0.0,19.0,81.0,0.0,3795.0
0.0,21.0,79.0,0.0,3532.0
0.0,22.0,78.0,0.0,2963.0
0.0,22.0,78.0,0.0,3321.0
0.0,20.0,80.0,0.0,3591.0
0.0,23.0,77.0,0.0,2953.0
0.0,28.0,72.0,0.0,3357.0
0.0,30.0,70.0,0.0,3217.0
0.0,24.0,76.0,0.0,2606.0
0.0,22.0,78.0,0.0,4104.0
0.0,26.0,74.0,0.0,3289.0
0.0,20.0,80.0,0.0,3788.0
0.0,25.0,75.0,0.0,3402.0
0.0,25.0,75.0,0.0,3687.0
0.0,18.0,82.0,0.0,4224.0
0.0,20.0,80.0,0.0,2760.0
0.0,28.0,72.0,0.0,3477.0
0.0,19.0,81.0,0.0,2965.0
0.0,19.0,81.0,0.0,3925.0
0.0,28.0,72.0,0.0,3275.0
0.0,18.0,82.0,0.0,2986.0
0.0,22.0,78.0,0.0,2642.0
0.0,17.0,83.0,0.0,3298.0
0.0,21.0,79.0,0.0,2974.0
0.0,21.0,79.0,0.0,3398.0
0.0,19.0,81.0,0.0,3190.0
0.0,23.0,77.0,0.0,3203.0
0.0,21.0,79.0,0.0,2901.0
0.0,18.0,82.0,0.0,3567.0
0.0,21.0,79.0,0.0,3152.0
0.0,21.0,79.0,0.0,2690.0
0.0,17.0,83.0,0.0,3660.0
0.0,25.0,75.0,0.0,4264.0
0.0,22.0,78.0,0.0,3430.0
0.0,24.0,76.0,0.0,2991.0
0.0,18.0,82.0,0.0,3083.0
0.0,30.0,70.0,0.0,4013.0
0.0,23.0,77.0,0.0,3550.0
0.0,26.0,74.0,0.0,3591.0
0.0,18.0,82.0,0.0,3600.0
0.0,18.0,82.0,0.0,3127.0
0.0,26.0,74.0,0.0,2820.0
0.0,20.0,80.0,0.0,3636.0
0.0,27.0,73.0,0.0,2940.0
0.0,22.0,78.0,0.0,3555.0
0.0,19.0,81.0,0.0,2791.0
0.0,23.0,77.0,0.0,3479.0
0.0,27.0,73.0,0.0,2911.0
0.0,21.0,79.0,0.0,3047.0
0.0,24.0,76.0,0.0,3194.0
0.0,28.0,72.0,0.0,3756.0
0.0,20.0,80.0,0.0,3166.0
0.0,30.0,70.0,0.0,3253.0
0.0,21.0,79.0,0.0,4308.0
0.0,28.0,72.0,0.0,3074.0
0.0,21.0,79.0,0.0,3391.0
0.0,17.0,83.0,0.0,3400.0
0.0,21.0,79.0,0.0,3199.0
0.0,19.0,81.0,0.0,4186.0
0.0,22.0,78.0,0.0,3298.0
0.0,15.0,85.0,0.0,3407.0
0.0,20.0,80.0,0.0,3187.0
0.0,20.0,80.0,0.0,3397.0
0.0,27.0,73.0,0.0,3234.0
0.0,29.0,71.0,0.0,3513.0
0.0,32.0,68.0,0.0,3500.0
0.0,22.0,78.0,0.0,3413.0
0.0,18.0,82.0,0.0,3757.0
0.0,26.0,74.0,0.0,3673.0
0.0,22.0,78.0,0.0,3481.0
0.0,27.0,73.0,0.0,2990.0
0.0,30.0,70.0,0.0,2899.0
0.0,29.0,71.0,0.0,2828.0
0.0,26.0,74.0,0.0,3182.0
0.0,19.0,81.0,0.0,3686.0
0.0,31.0,69.0,0.0,2660.0
0.0,28.0,72.0,0.0,3295.0
0.0,23.0,77.0,0.0,3495.0
0.0,18.0,82.0,0.0,4096.0
0.0,22.0,78.0,0.0,3418.0
0.0,21.0,79.0,0.0,3757.0
0.0,26.0,74.0,0.0,3711.0
0.0,26.0,74.0,0.0,3132.0
0.0,24.0,76.0,0.0,3965.0
0.0,21.0,79.0,0.0,3558.0
0.0,24.0,76.0,0.0,3820.0
0.0,20.0,80.0,0.0,3395.0
0.0,23.0,77.0,0.0,2552.0
0.0,22.0,78.0,0.0,3070.0
0.0,19.0,81.0,0.0,2863.0
0.0,21.0,79.0,0.0,3346.0
0.0,19.0,81.0,0.0,3239.0
0.0,28.0,72.0,0.0,3746.0
0.0,27.0,73.0,0.0,3153.0
0.0,24.0,76.0,0.0,3359.0
0.0,25.0,75.0,0.0,3267.0
0.0,20.0,80.0,0.0,3645.0
0.0,25.0,75.0,0.0,2884.0
0.0,20.0,80.0,0.0,3316.0
0.0,23.0,77.0,0.0,3367.0
0.0,26.0,74.0,0.0,2851.0
0.0,23.0,77.0,0.0,3031.0
0.0,28.0,72.0,0.0,3154.0
0.0,19.0,81.0,0.0,3311.0
0.0,20.0,80.0,0.0,3650.0
0.0,21.0,79.0,0.0,3030.0
0.0,30.0,70.0,0.0,3181.0
0.0,21.0,79.0,0.0,3182.0
0.0,18.0,82.0,0.0,3088.0
0.0,21.0,79.0,0.0,3359.0
0.0,26.0,74.0,0.0,3600.0
0.0,24.0,76.0,0.0,3560.0
0.0,21.0,79.0,0.0,2857.0
0.0,26.0,74.0,0.0,2818.0
0.0,24.0,76.0,0.0,3540.0
0.0,21.0,79.0,0.0,3295.0
0.0,29.0,71.0,0.0,3084.0
0.0,22.0,78.0,0.0,3174.0
0.0,17.0,83.0,0.0,3221.0
0.0,21.0,79.0,0.0,3500.0
0.0,22.0,78.0,0.0,2861.0
0.0,20.0,80.0,0.0,3282.0
0.0,27.0,73.0,0.0,3176.0
0.0,23.0,77.0,0.0,3465.0
0.0,21.0,79.0,0.0,3883.0
0.0,21.0,79.0,0.0,3144.0
0.0,26.0,74.0,0.0,3741.0
0.0,22.0,78.0,0.0,3199.0
0.0,25.0,75.0,0.0,3412.0
0.0,24.0,76.0,0.0,3986.0
0.0,24.0,76.0,0.0,3198.0
0.0,25.0,75.0,0.0,3133.0
0.0,22.0,78.0,0.0,3072.0
0.0,25.0,75.0,0.0,3032.0
0.0,22.0,78.0,0.0,3414.0
0.0,21.0,79.0,0.0,3191.0
0.0,25.0,75.0,0.0,2826.0
0.0,28.0,72.0,0.0,3095.0
0.0,23.0,77.0,0.0,3593.0
0.0,27.0,73.0,0.0,3185.0
0.0,21.0,79.0,0.0,3599.0
0.0,20.0,80.0,0.0,2900.0
0.0,27.0,73.0,0.0,3335.0
0.0,20.0,80.0,0.0,3576.0
0.0,21.0,79.0,0.0,2725.0
0.0,27.0,73.0,0.0,3670.0
0.0,24.0,76.0,0.0,3081.0
0.0,23.0,77.0,0.0,2841.0
0.0,25.0,75.0,0.0,3112.0
0.0,19.0,81.0,0.0,3618.0
0.0,23.0,77.0,0.0,3790.0
0.0,21.0,79.0,0.0,3031.0
0.0,20.0,80.0,0.0,3716.0
0.0,23.0,77.0,0.0,3371.0
0.0,32.0,68.0,0.0,2808.0
0.0,22.0,78.0,0.0,3175.0
0.0,19.0,81.0,0.0,3488.0
0.0,28.0,72.0,0.0,4070.0
0.0,28.0,72.0,0.0,3483.0
0.0,26.0,74.0,0.0,3489.0
0.0,27.0,73.0,0.0,2788.0
0.0,20.0,80.0,0.0,2637.0
0.0,25.0,75.0,0.0,3296.0
0.0,30.0,70.0,0.0,3862.0
0.0,22.0,78.0,0.0,3483.0
0.0,22.0,78.0,0.0,3656.0
0.0,19.0,81.0,0.0,3534.0
0.0,26.0,74.0,0.0,2998.0
0.0,26.0,74.0,0.0,3092.0
0.0,23.0,77.0,0.0,3059.0
0.0,25.0,75.0,0.0,3999.0
0.0,20.0,80.0,0.0,3353.0
0.0,16.0,84.0,0.0,3258.0
0.0,27.0,73.0,0.0,3314.0
0.0,19.0,81.0,0.0,3551.0
0.0,18.0,82.0,0.0,3020.0
0.0,21.0,79.0,0.0,3564.0
0.0,27.0,73.0,0.0,2995.0
0.0,29.0,71.0,0.0,3256.0
0.0,24.0,76.0,0.0,3800.0
0.0,28.0,72.0,0.0,3151.0
0.0,21.0,79.0,0.0,4019.0
0.0,17.0,83.0,0.0,2961.0
0.0,21.0,79.0,0.0,3271.0
0.0,21.0,79.0,0.0,3308.0
0.0,23.0,77.0,0.0,3736.0
0.0,20.0,80.0,0.0,3096.0
0.0,26.0,74.0,0.0,3139.0
0.0,22.0,78.0,0.0,3368.0
0.0,23.0,77.0,0.0,3026.0
0.0,26.0,74.0,0.0,2633.0
0.0,21.0,79.0,0.0,3278.0
0.0,23.0,77.0,0.0,3958.0
0.0,26.0,74.0,0.0,4259.0
0.0,26.0,74.0,0.0,3371.0
0.0,24.0,76.0,0.0,3594.0
0.0,25.0,75.0,0.0,3657.0
0.0,24.0,76.0,0.0,3087.0
0.0,29.0,71.0,0.0,3424.0
0.0,21.0,79.0,0.0,3456.0
0.0,26.0,74.0,0.0,3275.0
0.0,22.0,78.0,0.0,2789.0
0.0,28.0,72.0,0.0,2985.0
0.0,19.0,81.0,0.0,3759.0
0.0,16.0,84.0,0.0,3157.0
0.0,21.0,79.0,0.0,4192.0
0.0,24.0,76.0,0.0,3961.0
0.0,26.0,74.0,0.0,3206.0
0.0,26.0,74.0,0.0,3338.0
0.0,19.0,81.0,0.0,3847.0
0.0,22.0,78.0,0.0,2351.0
0.0,17.0,83.0,0.0,3949.0
0.0,25.0,75.0,0.0,3773.0
0.0,32.0,68.0,0.0,4343.0
0.0,17.0,83.0,0.0,3173.0
0.0,23.0,77.0,0.0,3020.0
0.0,21.0,79.0,0.0,2856.0
0.0,23.0,77.0,0.0,4026.0
0.0,19.0,81.0,0.0,3423.0
0.0,18.0,82.0,0.0,3499.0
0.0,28.0,72.0,0.0,3260.0
0.0,25.0,75.0,0.0,3772.0
0.0,19.0,81.0,0.0,3009.0
0.0,23.0,77.0,0.0,2847.0
0.0,23.0,77.0,0.0,3888.0
0.0,15.0,85.0,0.0,3311.0
0.0,23.0,77.0,0.0,3222.0
0.0,23.0,77.0,0.0,3103.0
0.0,20.0,80.0,0.0,3173.0
0.0,18.0,82.0,0.0,3295.0
0.0,20.0,80.0,0.0,3966.0
0.0,26.0,74.0,0.0,3160.0
0.0,20.0,80.0,0.0,3664.0
0.0,26.0,74.0,0.0,3757.0
0.0,18.0,82.0,0.0,3095.0
0.0,24.0,76.0,0.0,3536.0
0.0,18.0,82.0,0.0,2820.0
0.0,25.0,75.0,0.0,3350.0
0.0,21.0,79.0,0.0,3231.0
0.0,22.0,78.0,0.0,3861.0
0.0,25.0,75.0,0.0,2594.0
0.0,19.0,81.0,0.0,3876.0
0.0,18.0,82.0,0.0,2738.0
0.0,27.0,73.0,0.0,3419.0
0.0,24.0,76.0,0.0,3676.0
0.0,23.0,77.0,0.0,2748.0
0.0,21.0,79.0,0.0,3338.0
0.0,25.0,75.0,0.0,4349.0
0.0,23.0,77.0,0.0,3418.0
0.0,23.0,77.0,0.0,3526.0
0.0,25.0,75.0,0.0,3222.0
0.0,20.0,80.0,0.0,3694.0
0.0,17.0,83.0,0.0,2998.0
0.0,30.0,70.0,0.0,4060.0
0.0,18.0,82.0,0.0,2979.0
0.0,26.0,74.0,0.0,3762.0
0.0,28.0,72.0,0.0,3308.0
0.0,25.0,75.0,0.0,3454.0
0.0,21.0,79.0,0.0,3292.0
0.0,21.0,79.0,0.0,2508.0
0.0,27.0,73.0,0.0,2472.0
0.0,17.0,83.0,0.0,3271.0
0.0,21.0,79.0,0.0,3032.0
0.0,25.0,75.0,0.0,3363.0
0.0,25.0,75.0,0.0,3362.0
0.0,28.0,72.0,0.0,3787.0
0.0,24.0,76.0,0.0,3546.0
0.0,18.0,82.0,0.0,4079.0
0.0,22.0,78.0,0.0,3847.0
0.0,22.0,78.0,0.0,3736.0
0.0,18.0,82.0,0.0,3544.0
0.0,20.0,80.0,0.0,3205.0
0.0,25.0,75.0,0.0,2957.0
0.0,31.0,69.0,0.0,3565.0
0.0,26.0,74.0,0.0,3200.0
0.0,25.0,75.0,0.0,2816.0
0.0,22.0,78.0,0.0,3554.0
0.0,30.0,70.0,0.0,3454.0
0.0,29.0,71.0,0.0,3867.0
0.0,17.0,83.0,0.0,3358.0
0.0,29.0,71.0,0.0,3618.0
0.0,26.0,74.0,0.0,3952.0
0.0,23.0,77.0,0.0,3111.0
0.0,23.0,77.0,0.0,3223.0
0.0,28.0,72.0,0.0,3443.0
0.0,21.0,79.0,0.0,4018.0
0.0,28.0,72.0,0.0,4172.0
0.0,31.0,69.0,0.0,3505.0
0.0,28.0,72.0,0.0,4107.0
0.0,23.0,77.0,0.0,3082.0
0.0,23.0,77.0,0.0,3477.0
0.0,18.0,82.0,0.0,3730.0
0.0,27.0,73.0,0.0,4034.0
0.0,24.0,76.0,0.0,3380.0
0.0,20.0,80.0,0.0,3236.0
0.0,20.0,80.0,0.0,3524.0
0.0,22.0,78.0,0.0,3386.0
0.0,17.0,83.0,0.0,3135.0
0.0,20.0,80.0,0.0,3290.0
0.0,24.0,76.0,0.0,3230.0
0.0,16.0,84.0,0.0,3750.0
0.0,20.0,80.0,0.0,3314.0
0.0,28.0,72.0,0.0,3679.0
0.0,21.0,79.0,0.0,2501.0
0.0,23.0,77.0,0.0,2930.0
0.0,28.0,72.0,0.0,3698.0
0.0,20.0,80.0,0.0,3279.0
0.0,29.0,71.0,0.0,3547.0
0.0,18.0,82.0,0.0,3248.0
0.0,21.0,79.0,0.0,4431.0
0.0,25.0,75.0,0.0,3779.0
0.0,28.0,72.0,0.0,3903.0
0.0,24.0,76.0,0.0,3696.0
0.0,22.0,78.0,0.0,2716.0
0.0,24.0,76.0,0.0,3608.0
0.0,16.0,84.0,0.0,4778.0
0.0,22.0,78.0,0.0,3223.0
0.0,20.0,80.0,0.0,2744.0
0.0,25.0,75.0,0.0,2633.0
0.0,23.0,77.0,0.0,2998.0
0.0,17.0,83.0,0.0,2980.0
0.0,22.0,78.0,0.0,3970.0
0.0,22.0,78.0,0.0,3868.0
0.0,22.0,78.0,0.0,2952.0
0.0,20.0,80.0,0.0,2993.0
0.0,26.0,74.0,0.0,4089.0
0.0,21.0,79.0,0.0,3668.0
0.0,30.0,70.0,0.0,3456.0
0.0,16.0,84.0,0.0,3188.0
0.0,23.0,77.0,0.0,3633.0
0.0,26.0,74.0,0.0,3068.0
0.0,23.0,77.0,0.0,3108.0
0.0,26.0,74.0,0.0,3367.0
0.0,23.0,77.0,0.0,3283.0
0.0,22.0,78.0,0.0,4028.0
0.0,28.0,72.0,0.0,3548.0
0.0,25.0,75.0,0.0,2665.0
0.0,20.0,80.0,0.0,2700.0
0.0,21.0,79.0,0.0,2871.0
0.0,20.0,80.0,0.0,3099.0
0.0,25.0,75.0,0.0,2817.0
0.0,25.0,75.0,0.0,3565.0
0.0,20.0,80.0,0.0,3452.0
0.0,25.0,75.0,0.0,3213.0
0.0,19.0,81.0,0.0,3970.0
0.0,20.0,80.0,0.0,3427.0
0.0,23.0,77.0,0.0,3420.0
0.0,26.0,74.0,0.0,3476.0
0.0,25.0,75.0,0.0,3459.0
0.0,25.0,75.0,0.0,2645.0
0.0,18.0,82.0,0.0,3369.0
0.0,25.0,75.0,0.0,3117.0
0.0,12.0,88.0,0.0,3098.0
0.0,26.0,74.0,0.0,2927.0
0.0,16.0,84.0,0.0,3541.0
0.0,25.0,75.0,0.0,3194.0
0.0,24.0,76.0,0.0,3345.0
0.0,19.0,81.0,0.0,3150.0
0.0,18.0,82.0,0.0,3596.0
0.0,21.0,79.0,0.0,4101.0
0.0,24.0,76.0,0.0,3977.0
0.0,21.0,79.0,0.0,3490.0
0.0,24.0,76.0,0.0,3276.0
0.0,22.0,78.0,0.0,2955.0
0.0,21.0,79.0,0.0,3049.0
0.0,21.0,79.0,0.0,3371.0
0.0,20.0,80.0,0.0,3412.0
0.0,23.0,77.0,0.0,2906.0
0.0,21.0,79.0,0.0,3349.0
0.0,17.0,83.0,0.0,3704.0
0.0,22.0,78.0,0.0,3381.0
0.0,24.0,76.0,0.0,3697.0
0.0,23.0,77.0,0.0,4099.0
0.0,21.0,79.0,0.0,2897.0
0.0,26.0,74.0,0.0,3406.0
0.0,27.0,73.0,0.0,2831.0
0.0,27.0,73.0,0.0,2553.0
0.0,23.0,77.0,0.0,3321.0
0.0,26.0,74.0,0.0,2909.0
0.0,19.0,81.0,0.0,3472.0
0.0,23.0,77.0,0.0,3641.0
0.0,22.0,78.0,0.0,3542.0
0.0,27.0,73.0,0.0,3536.0
0.0,21.0,79.0,0.0,3891.0
0.0,31.0,69.0,0.0,2986.0
0.0,24.0,76.0,0.0,3356.0
0.0,26.0,74.0,0.0,3410.0
0.0,23.0,77.0,0.0,3056.0
0.0,18.0,82.0,0.0,3443.0
0.0,27.0,73.0,0.0,2653.0
0.0,20.0,80.0,0.0,4036.0
0.0,21.0,79.0,0.0,3546.0
0.0,24.0,76.0,0.0,3250.0
0.0,25.0,75.0,0.0,3492.0
0.0,18.0,82.0,0.0,2908.0
0.0,24.0,76.0,0.0,4177.0
0.0,24.0,76.0,0.0,3513.0
0.0,20.0,80.0,0.0,3250.0
0.0,26.0,74.0,0.0,3296.0
0.0,26.0,74.0,0.0,3701.0
0.0,28.0,72.0,0.0,3313.0
0.0,30.0,70.0,0.0,3729.0
0.0,19.0,81.0,0.0,3162.0
0.0,23.0,77.0,0.0,3230.0
0.0,20.0,80.0,0.0,3782.0
0.0,23.0,77.0,0.0,3599.0
0.0,18.0,82.0,0.0,3291.0
0.0,21.0,79.0,0.0,3458.0
0.0,20.0,80.0,0.0,3798.0
0.0,25.0,75.0,0.0,3509.0
0.0,21.0,79.0,0.0,2955.0
0.0,21.0,79.0,0.0,3888.0
0.0,25.0,75.0,0.0,3724.0
0.0,20.0,80.0,0.0,3380.0
0.0,15.0,85.0,0.0,3120.0
0.0,24.0,76.0,0.0,3341.0
0.0,32.0,68.0,0.0,3495.0
0.0,27.0,73.0,0.0,3133.0
0.0,25.0,75.0,0.0,3209.0
0.0,28.0,72.0,0.0,3674.0
0.0,21.0,79.0,0.0,3043.0
0.0,22.0,78.0,0.0,3494.0
0.0,17.0,83.0,0.0,3975.0
0.0,33.0,67.0,0.0,3471.0
0.0,21.0,79.0,0.0,2967.0
0.0,22.0,78.0,0.0,3178.0
0.0,30.0,70.0,0.0,3363.0
0.0,24.0,76.0,0.0,3046.0
0.0,19.0,81.0,0.0,3435.0
0.0,21.0,79.0,0.0,3666.0
0.0,21.0,79.0,0.0,3439.0
0.0,23.0,77.0,0.0,2574.0
0.0,23.0,77.0,0.0,4128.0
0.0,23.0,77.0,0.0,2723.0
0.0,21.0,79.0,0.0,3057.0
0.0,22.0,78.0,0.0,2638.0
0.0,19.0,81.0,0.0,3382.0
0.0,22.0,78.0,0.0,3487.0
0.0,19.0,81.0,0.0,3418.0
0.0,23.0,77.0,0.0,3120.0
0.0,20.0,80.0,0.0,3316.0
0.0,29.0,71.0,0.0,3303.0
0.0,20.0,80.0,0.0,3222.0
0.0,22.0,78.0,0.0,3534.0
0.0,23.0,77.0,0.0,3292.0
0.0,22.0,78.0,0.0,3425.0
0.0,21.0,79.0,0.0,4254.0
0.0,19.0,81.0,0.0,3810.0
0.0,24.0,76.0,0.0,2844.0
0.0,18.0,82.0,0.0,3520.0
0.0,22.0,78.0,0.0,2903.0
0.0,22.0,78.0,0.0,3413.0
0.0,25.0,75.0,0.0,2734.0
0.0,22.0,78.0,0.0,3966.0
0.0,20.0,80.0,0.0,2291.0
0.0,22.0,78.0,0.0,3242.0
0.0,19.0,81.0,0.0,3951.0
0.0,23.0,77.0,0.0,3408.0
0.0,17.0,83.0,0.0,3470.0
0.0,27.0,73.0,0.0,3487.0
0.0,20.0,80.0,0.0,3469.0
0.0,24.0,76.0,0.0,3421.0
0.0,23.0,77.0,0.0,2775.0
0.0,22.0,78.0,0.0,3276.0
0.0,22.0,78.0,0.0,3911.0
0.0,23.0,77.0,0.0,3345.0
0.0,20.0,80.0,0.0,3334.0
0.0,27.0,73.0,0.0,3435.0
0.0,28.0,72.0,0.0,4260.0
0.0,18.0,82.0,0.0,2660.0
0.0,22.0,78.0,0.0,3947.0
0.0,23.0,77.0,0.0,3585.0
0.0,23.0,77.0,0.0,3742.0
0.0,24.0,76.0,0.0,3194.0
0.0,23.0,77.0,0.0,3043.0
0.0,23.0,77.0,0.0,2683.0
0.0,22.0,78.0,0.0,3251.0
0.0,17.0,83.0,0.0,3258.0
0.0,27.0,73.0,0.0,2827.0
0.0,26.0,74.0,0.0,3398.0
0.0,20.0,80.0,0.0,3106.0
0.0,26.0,74.0,0.0,2952.0
0.0,21.0,79.0,0.0,3459.0
0.0,22.0,78.0,0.0,3431.0
0.0,23.0,77.0,0.0,3381.0
0.0,20.0,80.0,0.0,3979.0
0.0,26.0,74.0,0.0,3767.0
0.0,31.0,69.0,0.0,3126.0
0.0,23.0,77.0,0.0,3477.0
0.0,18.0,82.0,0.0,3839.0
0.0,19.0,81.0,0.0,3413.0
0.0,23.0,77.0,0.0,3938.0
0.0,26.0,74.0,0.0,3354.0
0.0,24.0,76.0,0.0,3190.0
0.0,27.0,73.0,0.0,3590.0
0.0,22.0,78.0,0.0,2604.0
0.0,26.0,74.0,0.0,3784.0
0.0,19.0,81.0,0.0,3725.0
0.0,26.0,74.0,0.0,3654.0
0.0,22.0,78.0,0.0,3385.0
0.0,28.0,72.0,0.0,2882.0
0.0,26.0,74.0,0.0,3410.0
0.0,20.0,80.0,0.0,3227.0
0.0,18.0,82.0,0.0,3169.0
0.0,17.0,83.0,0.0,3121.0
0.0,27.0,73.0,0.0,3254.0
0.0,15.0,85.0,0.0,2946.0
0.0,22.0,78.0,0.0,3676.0
0.0,20.0,80.0,0.0,2916.0
0.0,18.0,82.0,0.0,4233.0
0.0,24.0,76.0,0.0,2647.0
0.0,25.0,75.0,0.0,2966.0
0.0,22.0,78.0,0.0,3078.0
0.0,24.0,76.0,0.0,3809.0
0.0,17.0,83.0,0.0,3242.0
0.0,21.0,79.0,0.0,3726.0
0.0,18.0,82.0,0.0,3502.0
0.0,25.0,75.0,0.0,3565.0
0.0,23.0,77.0,0.0,2429.0
0.0,23.0,77.0,0.0,3019.0
0.0,22.0,78.0,0.0,3779.0
0.0,27.0,73.0,0.0,3961.0
0.0,22.0,78.0,0.0,3440.0
0.0,24.0,76.0,0.0,3352.0
0.0,22.0,78.0,0.0,3486.0
0.0,18.0,82.0,0.0,3377.0
0.0,22.0,78.0,0.0,3315.0
0.0,18.0,82.0,0.0,4185.0
0.0,27.0,73.0,0.0,2325.0
0.0,27.0,73.0,0.0,3001.0
0.0,25.0,75.0,0.0,3051.0
0.0,24.0,76.0,0.0,3283.0
0.0,17.0,83.0,0.0,3883.0
0.0,21.0,79.0,0.0,3048.0
0.0,25.0,75.0,0.0,3384.0
0.0,21.0,79.0,0.0,3385.0
0.0,25.0,75.0,0.0,3354.0
0.0,18.0,82.0,0.0,3161.0
0.0,25.0,75.0,0.0,3192.0
0.0,18.0,82.0,0.0,3500.0
0.0,27.0,73.0,0.0,3163.0
0.0,23.0,77.0,0.0,3170.0
0.0,19.0,81.0,0.0,3099.0
0.0,26.0,74.0,0.0,3541.0
0.0,25.0,75.0,0.0,3839.0
0.0,26.0,74.0,0.0,4011.0
0.0,21.0,79.0,0.0,3594.0
0.0,27.0,73.0,0.0,2401.0
0.0,20.0,80.0,0.0,3349.0
0.0,23.0,77.0,0.0,3716.0
0.0,18.0,82.0,0.0,3250.0
0.0,20.0,80.0,0.0,3839.0
0.0,18.0,82.0,0.0,3304.0
0.0,19.0,81.0,0.0,3984.0
0.0,20.0,80.0,0.0,3394.0
0.0,28.0,72.0,0.0,3410.0
0.0,21.0,79.0,0.0,3657.0
0.0,20.0,80.0,0.0,4545.0
0.0,23.0,77.0,0.0,2437.0
0.0,26.0,74.0,0.0,3035.0
0.0,19.0,81.0,0.0,2394.0
0.0,27.0,73.0,0.0,3403.0
0.0,24.0,76.0,0.0,3592.0
0.0,20.0,80.0,0.0,3309.0
0.0,20.0,80.0,0.0,3327.0
0.0,28.0,72.0,0.0,3511.0
0.0,27.0,73.0,0.0,3084.0
0.0,28.0,72.0,0.0,3355.0
0.0,30.0,70.0,0.0,3920.0
0.0,22.0,78.0,0.0,3440.0
0.0,22.0,78.0,0.0,3483.0
0.0,26.0,74.0,0.0,3178.0
0.0,17.0,83.0,0.0,3351.0
0.0,19.0,81.0,0.0,2950.0
0.0,22.0,78.0,0.0,3082.0
0.0,27.0,73.0,0.0,3551.0
0.0,28.0,72.0,0.0,2744.0
0.0,23.0,77.0,0.0,3743.0
0.0,27.0,73.0,0.0,3694.0
0.0,22.0,78.0,0.0,3140.0
0.0,28.0,72.0,0.0,4168.0
0.0,21.0,79.0,0.0,3558.0
0.0,25.0,75.0,0.0,2916.0
0.0,30.0,70.0,0.0,3227.0
0.0,13.0,87.0,0.0,3422.0
0.0,34.0,66.0,0.0,3634.0
0.0,25.0,75.0,0.0,3365.0
0.0,29.0,71.0,0.0,3425.0
0.0,16.0,84.0,0.0,4455.0
0.0,19.0,81.0,0.0,3523.0
0.0,18.0,82.0,0.0,2451.0
0.0,23.0,77.0,0.0,3338.0
0.0,22.0,78.0,0.0,3263.0
0.0,22.0,78.0,0.0,3723.0
0.0,22.0,78.0,0.0,2678.0
0.0,17.0,83.0,0.0,3487.0
0.0,17.0,83.0,0.0,4258.0
0.0,23.0,77.0,0.0,3283.0
0.0,20.0,80.0,0.0,3411.0
0.0,22.0,78.0,0.0,2639.0
0.0,22.0,78.0,0.0,3364.0
0.0,22.0,78.0,0.0,3729.0
0.0,21.0,79.0,0.0,3418.0
0.0,19.0,81.0,0.0,3486.0
0.0,27.0,73.0,0.0,3705.0
0.0,21.0,79.0,0.0,3825.0
0.0,27.0,73.0,0.0,3080.0
0.0,24.0,76.0,0.0,2825.0
0.0,20.0,80.0,0.0,3015.0
0.0,17.0,83.0,0.0,3873.0
0.0,23.0,77.0,0.0,3342.0
0.0,29.0,71.0,0.0,2814.0
0.0,25.0,75.0,0.0,3734.0
0.0,19.0,81.0,0.0,4177.0
0.0,23.0,77.0,0.0,3824.0
0.0,23.0,77.0,0.0,3788.0
0.0,23.0,77.0,0.0,2913.0
0.0,21.0,79.0,0.0,3478.0
0.0,26.0,74.0,0.0,3567.0
0.0,23.0,77.0,0.0,3346.0
0.0,22.0,78.0,0.0,3709.0
0.0,24.0,76.0,0.0,3753.0
0.0,25.0,75.0,0.0,3162.0
0.0,20.0,80.0,0.0,3155.0
0.0,25.0,75.0,0.0,3356.0
0.0,19.0,81.0,0.0,2998.0
0.0,23.0,77.0,0.0,3385.0
0.0,19.0,81.0,0.0,3587.0
0.0,24.0,76.0,0.0,3085.0
0.0,24.0,76.0,0.0,3792.0
0.0,21.0,79.0,0.0,3540.0
0.0,16.0,84.0,0.0,3365.0
0.0,25.0,75.0,0.0,2793.0
0.0,25.0,75.0,0.0,3058.0
0.0,22.0,78.0,0.0,3226.0
0.0,25.0,75.0,0.0,4004.0
0.0,21.0,79.0,0.0,3392.0
0.0,20.0,80.0,0.0,3394.0
0.0,17.0,83.0,0.0,4324.0
0.0,21.0,79.0,0.0,3061.0
0.0,17.0,83.0,0.0,3050.0
0.0,18.0,82.0,0.0,3367.0
0.0,17.0,83.0,0.0,3544.0
0.0,26.0,74.0,0.0,2916.0
0.0,20.0,80.0,0.0,3001.0
0.0,29.0,71.0,0.0,2875.0
0.0,20.0,80.0,0.0,3176.0
0.0,20.0,80.0,0.0,3020.0
0.0,15.0,85.0,0.0,3285.0
0.0,23.0,77.0,0.0,3449.0
0.0,27.0,73.0,0.0,3426.0
0.0,24.0,76.0,0.0,3431.0
0.0,27.0,73.0,0.0,3736.0
0.0,23.0,77.0,0.0,4316.0
0.0,26.0,74.0,0.0,3153.0
0.0,23.0,77.0,0.0,2805.0
0.0,28.0,72.0,0.0,4075.0
0.0,22.0,78.0,0.0,3424.0
0.0,25.0,75.0,0.0,4224.0
0.0,18.0,82.0,0.0,3516.0
0.0,22.0,78.0,0.0,2581.0
0.0,25.0,75.0,0.0,3835.0
0.0,21.0,79.0,0.0,3110.0
0.0,29.0,71.0,0.0,2869.0
0.0,25.0,75.0,0.0,3366.0
0.0,29.0,71.0,0.0,3126.0
0.0,18.0,82.0,0.0,3777.0
0.0,24.0,76.0,0.0,3287.0
0.0,30.0,70.0,0.0,2880.0
0.0,23.0,77.0,0.0,3536.0
0.0,16.0,84.0,0.0,3698.0
0.0,15.0,85.0,0.0,3351.0
0.0,25.0,75.0,0.0,3782.0
0.0,17.0,83.0,0.0,3629.0
0.0,25.0,75.0,0.0,3652.0
0.0,26.0,74.0,0.0,3606.0
0.0,19.0,81.0,0.0,3169.0
0.0,27.0,73.0,0.0,3282.0
0.0,28.0,72.0,0.0,2959.0
0.0,17.0,83.0,0.0,3351.0
0.0,23.0,77.0,0.0,3309.0
0.0,23.0,77.0,0.0,3245.0
0.0,20.0,80.0,0.0,3211.0
0.0,27.0,73.0,0.0,3587.0
0.0,24.0,76.0,0.0,2865.0
0.0,24.0,76.0,0.0,3820.0
0.0,21.0,79.0,0.0,2785.0
0.0,22.0,78.0,0.0,3178.0
0.0,19.0,81.0,0.0,3298.0
0.0,30.0,70.0,0.0,3174.0
0.0,26.0,74.0,0.0,3672.0
0.0,25.0,75.0,0.0,3264.0
0.0,17.0,83.0,0.0,3421.0
0.0,27.0,73.0,0.0,3538.0
0.0,22.0,78.0,0.0,3520.0
0.0,24.0,76.0,0.0,3698.0
0.0,24.0,76.0,0.0,3368.0
0.0,27.0,73.0,0.0,2712.0
0.0,19.0,81.0,0.0,2900.0
0.0,26.0,74.0,0.0,4002.0
0.0,24.0,76.0,0.0,2977.0
0.0,25.0,75.0,0.0,2827.0
0.0,14.0,86.0,0.0,2759.0
0.0,20.0,80.0,0.0,4027.0
0.0,25.0,75.0,0.0,3030.0
0.0,14.0,86.0,0.0,2983.0
0.0,23.0,77.0,0.0,3703.0
0.0,24.0,76.0,0.0,3515.0
0.0,24.0,76.0,0.0,3528.0
0.0,29.0,71.0,0.0,3543.0
0.0,23.0,77.0,0.0,3114.0
0.0,19.0,81.0,0.0,3283.0
0.0,25.0,75.0,0.0,3666.0
0.0,18.0,82.0,0.0,3785.0
0.0,32.0,68.0,0.0,3461.0
0.0,21.0,79.0,0.0,2774.0
0.0,25.0,75.0,0.0,3438.0
0.0,23.0,77.0,0.0,3953.0
0.0,23.0,77.0,0.0,3299.0
0.0,22.0,78.0,0.0,3113.0
0.0,26.0,74.0,0.0,3381.0
0.0,26.0,74.0,0.0,3490.0
0.0,27.0,73.0,0.0,3798.0
0.0,20.0,80.0,0.0,3303.0
0.0,28.0,72.0,0.0,3012.0
0.0,24.0,76.0,0.0,2944.0
